Id;Edad;NivEdua;AnhosEmpleo;IngresoMensual;DeudaTarjeta;OtraDeuda;Quiebra;Direccion;RatioIngresoDeuda
1;;4.0;17.0;71.36;3.706;2.973;1;NBA001;9.36
2;;4.0;40.0;125.33;4.39;4.199;0;NBA002;6.85
3;40.0;;24.0;77.72;2.167;1.716;0;NBA003;5.0
4;51.0;2.0;35.0;116.15;1.285;1.405;0;NBA004;
5;44.0;;27.0;105.79;3.778;3.317;0;NBA005;6.71
6;56.0;4.0;40.0;134.95;1.703;1.281;0;NBA006;2.21
7;38.0;1.0;24.0;68.15;4.3;3.603;0;NBA007;11.6
8;25.0;3.0;9.0;42.01;2.212;2.149;0;NBA008;10.38
9;35.0;4.0;13.0;49.17;2.504;2.357;1;NBA009;9.89
10;52.0;4.0;34.0;109.63;2.466;2.226;0;NBA010;4.28
11;52.0;4.0;33.0;115.0;2.591;2.265;0;NBA011;4.22
12;70.0;2.0;60.0;142.42;4.387;4.254;1;NBA012;6.07
13;33.0;1.0;42.0;;3.34;2.62;0;NBA013;9.93
14;42.0;1.0;26.0;76.06;0.593;0.296;1;NBA014;1.17
15;68.0;4.0;45.0;141.15;2.736;2.403;0;NBA015;3.64
16;26.0;2.0;12.0;43.67;1.623;1.449;1;NBA016;7.03
17;56.0;2.0;38.0;621.8;28.248;25.576;1;NBA017;5.41
18;68.0;3.0;45.0;150.59;3.398;3.23;1;NBA018;4.4
19;66.0;4.0;45.0;135.05;2.188;;1;NBA019;3.1
20;54.0;1.0;34.0;109.4;20.592;18.16;0;NBA020;4.43
21;65.0;3.0;45.0;146.86;2.554;2.438;0;NBA021;3.4
22;30.0;3.0;14.0;42.2;3.705;;0;NBA022;16.68
23;58.0;3.0;;130.77;18.328;13.992;0;NBA023;12.36
24;54.0;1.0;34.0;99.62;1.991;1.852;0;NBA024;3.86
25;46.0;2.0;25.0;81.03;3.455;2.809;0;NBA025;7.73
26;70.0;1.0;45.0;141.15;3.773;3.215;1;NBA026;4.95
27;63.0;2.0;43.0;133.61;19.752;18.056;0;NBA027;3.54
28;31.0;1.0;11.0;58.12;2.825;2.264;0;NBA028;8.76
29;70.0;1.0;45.0;148.22;11.672;11.224;0;NBA029;1.93
30;70.0;2.0;45.0;143.45;2.904;2.839;0;NBA030;4.0
31;39.0;1.0;20.0;80.91;1.596;1.659;1;NBA031;4.02
32;55.0;3.0;34.0;126.44;2.187;2.01;0;NBA032;3.32
33;60.0;2.0;41.0;127.83;;5.542;0;NBA033;9.08
34;32.0;2.0;40.0;53.81;;1.913;0;NBA034;7.25
35;34.0;2.0;16.0;63.53;2.924;2.728;0;NBA035;
36;30.0;3.0;12.0;58.08;;4.448;1;NBA036;16.16
37;44.0;3.0;54.0;72.77;3.065;2.842;1;NBA037;8.12
38;68.0;2.0;45.0;141.55;4.654;4.095;1;NBA038;6.18
39;40.0;1.0;21.0;96.27;3.23;2.943;1;NBA039;25.64
40;38.0;2.0;17.0;63.96;1.532;1.67;0;;5.01
41;67.0;4.0;45.0;157.5;2.288;1.949;1;NBA041;2.69
42;43.0;4.0;30.0;119.93;3.016;2.711;0;NBA042;
43;24.0;4.0;4.0;33.58;2.075;1.649;0;NBA043;11.09
44;53.0;4.0;41.0;149.45;3.201;2.582;0;NBA044;3.87
45;59.0;2.0;40.0;128.62;2.512;2.378;0;NBA045;3.8
46;43.0;1.0;27.0;77.83;1.531;;0;NBA046;3.19
47;68.0;2.0;45.0;138.44;1.077;1.177;1;NBA047;1.63
48;21.0;2.0;3.0;36.49;4.694;4.078;0;NBA048;24.04
49;64.0;1.0;45.0;8.190.999.999.999.990;1.874;1.815;0;NBA049;2.25
50;34.0;3.0;13.0;57.49;2.022;1.737;0;NBA050;6.54
51;;;40.0;115.31;2.983;2.613;0;NBA051;4.85
52;44.0;2.0;27.0;91.98;2.985;2.803;1;NBA052;6.29
53;53.0;1.0;36.0;101.1;2.626;2.267;0;NBA053;4.84
54;;2.0;60.0;120.63;3.432;3.162;0;NBA054;5.47
55;65.0;1.0;44.0;152.61;3.758;2.92;0;NBA055;4.38
56;;4.0;34.0;104.13;20.36;15.256;0;NBA056;
57;52.0;1.0;35.0;5.363.000.000.000.000;2.202;2.183;0;NBA057;4.09
58;42.0;3.0;;85.34;4.38;3.754;0;NBA058;9.53
59;;4.0;5.0;;3.03;2.7;1;NBA059;20.84
60;30.0;4.0;14.0;60.28;2.14;2.31;0;NBA060;7.38
61;26.0;3.0;11.0;49.95;2.8;2.213;0;NBA061;10.04
62;60.0;2.0;39.0;131.61;4.171;3.75;0;NBA062;6.02
63;26.0;4.0;11.0;39.03;6.219;5.438;1;NBA063;29.87
64;;3.0;14.0;65.23;2.363;2.307;1;NBA064;7.16
65;32.0;3.0;17.0;69.23;;2.349;1;NBA065;6.99
66;57.0;3.0;;115.65;3.946;3.463;1;NBA066;6.41
67;36.0;1.0;18.0;62.48;3.705;3.669;1;NBA067;47.2
68;45.0;4.0;27.0;86.71;;3.848;1;NBA068;9.23
69;55.0;1.0;36.0;103.22;3.234;2.672;0;NBA069;22.88
70;48.0;1.0;32.0;121.58;;2.52;0;NBA070;4.17
71;45.0;3.0;28.0;;4.359;3.729;0;NBA071;8.1
72;40.0;1.0;20.0;72.87;1.629;1.744;0;NBA072;4.63
73;68.0;4.0;45.0;151.64;2.179;2.31;0;NBA073;
74;31.0;4.0;10.0;43.06;2.207;1.722;0;NBA074;9.12
75;60.0;1.0;38.0;121.48;3.118;2.881;0;NBA075;
76;29.0;4.0;8.0;49.33;;1.292;0;NBA076;5.88
77;44.0;3.0;26.0;80.83;2.529;2.117;0;NBA077;5.75
78;53.0;1.0;35.0;536.15;5.579;5.021;0;NBA078;9.89
79;35.0;3.0;17.0;50.25;4.561;4.181;1;NBA079;17.4
80;34.0;4.0;17.0;58.26;4.506;4.444;0;NBA080;15.36
81;70.0;;16.0;69.47;4.097;3.676;0;NBA081;11.19
82;70.0;2.0;0.0;11.99;;5.573;1;NBA082;97.7
83;34.0;1.0;;76.22;2.633;2.009;0;;6.09
84;30.0;1.0;13.0;48.33;3.271;3.071;0;NBA084;13.12
85;;;32.0;107.55;4.179;3.835;1;NBA085;7.45
86;67.0;2.0;45.0;133.45;2.74;2.436;0;NBA086;3.88
87;22.0;3.0;5.0;18.004.999.999.999.900;3.387;3.058;0;NBA087;17.9
88;56.0;1.0;60.0;138.96;3.161;2.463;0;NBA088;4.05
89;41.0;1.0;21.0;72.54;3.566;3.344;0;NBA089;
90;50.0;3.0;34.0;;4.084;3.674;0;NBA090;7.89
91;69.0;4.0;45.0;141.32;4.198;3.746;0;NBA091;22.48
92;41.0;4.0;25.0;91.92;3.865;3.553;0;NBA092;8.07
93;26.0;3.0;12.0;42.92;3.452;3.04;1;NBA093;15.13
94;61.0;2.0;40.0;143.79;1.433;1.28;0;NBA094;7.56
95;65.0;3.0;45.0;131.59;2.688;2.356;0;NBA095;15.32
96;34.0;3.0;17.0;68.35;2.811;2.777;0;NBA096;8.18
97;50.0;2.0;30.0;111.68;2.89;2.361;0;NBA097;
98;52.0;2.0;34.0;113.65;1.865;1.879;0;NBA098;3.29
99;27.0;4.0;8.0;48.89;4.193;4.137;1;NBA099;
100;21.0;1.0;0.0;20.04;2.789;2.521;0;NBA100;26.51
101;22.0;3.0;6.0;29.47;2.801;2.602;0;NBA101;18.34
102;53.0;;33.0;104.59;3.011;2.996;0;NBA102;
103;51.0;3.0;28.0;109.32;3.708;3.212;0;NBA103;6.33
104;69.0;4.0;45.0;;;;1;NBA104;3.24
105;50.0;3.0;31.0;104.72;4.092;3.571;0;NBA105;7.32
106;56.0;1.0;39.0;118.62;22.528;21.456;0;NBA106;4.64
107;44.0;1.0;27.0;87.89;3.914;3.749;0;NBA107;8.72
108;;2.0;5.0;36.79;2.125;2.147;0;NBA108;11.61
109;37.0;2.0;18.0;59.17;2.74;2.524;0;NBA109;8.9
110;50.0;3.0;26.0;;2.183;1.877;0;NBA110;5.35
111;55.0;1.0;36.0;126.4;1.951;1.712;0;NBA111;2.9
112;36.0;3.0;15.0;68.1;3.212;3.043;0;NBA112;9.19
113;27.0;3.0;10.0;44.07;2.901;2.388;0;NBA113;12.0
114;66.0;2.0;45.0;134.4;28.776;;0;NBA114;4.95
115;32.0;4.0;12.0;41.12;1.335;0.967;0;NBA115;5.6
116;21.0;1.0;3.0;26.68;2.808;2.451;0;NBA116;19.71
117;41.0;1.0;20.0;75.16;4.641;3.97;0;NBA117;11.46
118;21.0;2.0;1.0;22.39;3.242;3.007;0;NBA118;27.91
119;53.0;1.0;34.0;116.19;3.861;3.738;1;NBA119;6.54
120;25.0;3.0;8.0;37.87;2.787;;0;NBA120;13.39
121;36.0;1.0;32.0;59.72;3.902;3.675;1;NBA121;12.69
122;37.0;4.0;21.0;74.04;3.095;2.884;1;NBA122;8.08
123;56.0;1.0;38.0;124.92;3.482;3.194;1;NBA123;5.34
124;;1.0;45.0;139.62;3.285;2.996;1;NBA124;4.5
125;54.0;4.0;37.0;;6.531;5.583;1;NBA125;
126;49.0;3.0;33.0;100.24;2.695;2.337;1;NBA126;5.02
127;32.0;2.0;17.0;61.27;5.563;4.717;1;NBA127;
128;54.0;3.0;33.0;98.46;2.004;1.865;1;NBA128;3.93
129;57.0;1.0;42.0;137.63;3.798;3.306;1;NBA129;5.16
130;23.0;2.0;5.0;24.54;4.133;3.735;1;NBA130;32.06
131;49.0;4.0;34.0;105.01;3.002;2.177;1;NBA131;
132;29.0;2.0;8.0;32.48;4.576;4.056;1;NBA132;26.57
133;25.0;2.0;7.0;28.0;4.892;4.368;1;NBA133;33.08
134;40.0;1.0;22.0;69.06;3.119;2.666;1;NBA134;8.38
135;60.0;2.0;39.0;129.22;;;1;NBA135;4.72
136;;2.0;33.0;111.8;2.734;2.497;1;NBA136;4.68
137;65.0;2.0;45.0;148.6;1.346;;0;NBA137;1.7
138;58.0;4.0;43.0;130.75;19.04;17.584;0;NBA138;3.5
139;37.0;3.0;21.0;76.16;3.313;2.954;0;NBA139;8.23
140;49.0;2.0;32.0;88.93;3.58;3.373;0;NBA140;7.82
141;35.0;3.0;16.0;67.26;2.501;;0;NBA141;6.56
142;34.0;3.0;21.0;65.79;2.588;2.046;0;NBA142;7.04
143;53.0;1.0;59.0;115.15;2.563;2.168;0;NBA143;4.11
144;29.0;3.0;8.0;43.36;2.253;2.226;0;NBA144;10.33
145;41.0;;21.0;91.13;4.074;3.781;0;NBA145;8.62
146;42.0;1.0;24.0;86.65;3.41;3.375;0;NBA146;7.83
147;46.0;1.0;27.0;85.61;1.126;1.336;0;NBA147;2.88
148;33.0;2.0;17.0;80.66;2.706;2.196;0;NBA148;6.08
149;32.0;4.0;10.0;53.95;3.478;3.126;0;NBA149;12.24
150;58.0;2.0;42.0;142.4;1.294;1.093;0;NBA150;1.68
151;45.0;3.0;31.0;116.79;3.638;3.259;0;NBA151;5.91
152;65.0;1.0;45.0;141.26;3.291;2.978;0;NBA152;4.44
153;;4.0;26.0;347.1;4.438;3.985;0;NBA153;12.13
154;61.0;3.0;42.0;131.49;2.127;1.875;0;NBA154;3.04
155;60.0;3.0;45.0;136.89;;2.335;0;NBA155;3.58
156;27.0;1.0;;34.81;2.533;2.137;0;NBA156;13.42
157;61.0;3.0;41.0;127.22;4.067;3.871;1;NBA157;6.24
158;60.0;3.0;38.0;126.67;4.935;4.387;1;NBA158;29.44
159;52.0;4.0;34.0;103.92;3.202;2.938;1;NBA159;5.91
160;21.0;3.0;7.0;44.44;4.224;3.821;1;NBA160;18.1
161;;4.0;44.0;143.97;2.025;1.616;1;NBA161;2.53
162;27.0;1.0;12.0;43.47;2.904;2.512;1;NBA162;12.46
163;65.0;1.0;44.0;150.04;3.73;3.482;1;NBA163;4.81
164;56.0;1.0;37.0;131.8;3.604;;0;NBA164;5.47
165;38.0;1.0;19.0;73.85;3.816;3.372;0;NBA165;9.73
166;37.0;4.0;22.0;72.55;5.265;;0;NBA166;13.77
167;48.0;4.0;28.0;97.03;2.81;2.446;0;NBA167;5.42
168;62.0;4.0;57.0;134.19;3.264;;0;NBA168;4.33
169;70.0;4.0;18.0;62.53;3.687;3.236;1;NBA169;11.07
170;55.0;2.0;41.0;129.92;4.651;4.108;0;;6.74
171;40.0;2.0;22.0;380.4;3.1;3.108;0;NBA171;8.16
172;53.0;4.0;39.0;113.45;2.119;2.026;0;NBA172;14.6
173;53.0;2.0;36.0;116.0;4.974;4.505;0;NBA173;8.17
174;51.0;1.0;32.0;96.51;2.595;2.241;0;NBA174;5.01
175;31.0;1.0;16.0;60.13;;2.634;0;NBA175;9.4
176;66.0;4.0;45.0;139.91;4.023;3.662;0;NBA176;5.49
177;49.0;4.0;29.0;103.62;4.23;3.74;0;NBA177;7.69
178;62.0;3.0;44.0;134.78;2.092;;0;;12.08
179;41.0;1.0;19.0;69.92;5.667;5.341;1;NBA179;15.74
180;22.0;1.0;1.0;6.49;3.815;3.054;1;NBA180;105.85
181;68.0;2.0;60.0;;3.824;3.481;1;NBA181;4.84
182;70.0;2.0;45.0;159.16;1.953;2.111;1;NBA182;2.55
183;58.0;3.0;42.0;132.21;2.659;1.974;1;NBA183;3.5
184;42.0;3.0;27.0;95.42;3.452;3.323;1;NBA184;7.1
185;52.0;3.0;33.0;113.62;2.193;2.335;1;NBA185;3.99
186;35.0;2.0;18.0;64.68;2.615;2.573;1;NBA186;8.02
187;32.0;4.0;13.0;59.37;2.846;2.431;1;NBA187;8.89
188;64.0;1.0;43.0;131.71;;3.252;1;NBA188;5.16
189;32.0;2.0;15.0;;2.587;2.33;1;NBA189;8.67
190;66.0;4.0;45.0;141.04;1.574;1.272;0;NBA190;2.02
191;51.0;2.0;35.0;108.69;2.918;2.653;0;NBA191;5.13
192;59.0;2.0;40.0;116.25;2.42;2.376;0;NBA192;4.13
193;29.0;2.0;9.0;48.98;7.391;6.836;0;NBA193;29.04
194;56.0;4.0;39.0;125.74;3.152;2.95;0;NBA194;4.85
195;;3.0;37.0;113.05;;1.97;0;NBA195;3.74
196;70.0;3.0;0.0;31.099.999.999.999.900;;2.272;1;NBA196;79.22
197;69.0;3.0;45.0;140.43;2.203;2.34;0;NBA197;3.24
198;;4.0;17.0;55.12;2.567;1.829;0;NBA198;7.98
199;57.0;3.0;40.0;131.82;4.357;3.778;0;NBA199;24.68
200;61.0;2.0;43.0;136.24;4.702;3.766;0;NBA200;24.88
201;35.0;4.0;16.0;63.67;5.952;5.094;0;NBA201;17.35
202;70.0;3.0;60.0;149.99;2.185;1.852;0;NBA202;
203;39.0;4.0;;73.1;2.423;2.021;0;NBA203;6.08
204;35.0;4.0;16.0;65.27;3.004;2.838;0;NBA204;8.95
205;51.0;3.0;60.0;120.24;2.93;2.61;0;NBA205;4.61
206;59.0;4.0;38.0;126.06;3.519;3.148;0;NBA206;5.29
207;70.0;3.0;45.0;123.11;4.501;4.121;0;NBA207;7.0
208;26.0;3.0;8.0;47.55;2.674;2.931;0;NBA208;11.79
209;23.0;2.0;24.0;42.81;3.672;3.208;0;NBA209;16.07
210;58.0;;38.0;126.59;3.922;3.4;0;NBA210;5.78
211;67.0;1.0;45.0;154.26;3.248;2.944;0;NBA211;4.01
212;;1.0;21.0;72.71;4.756;4.123;1;NBA212;12.21
213;22.0;2.0;5.0;33.49;6.188;5.213;0;NBA213;34.05
214;24.0;1.0;9.0;23.66;3.193;2.771;1;NBA214;25.2
215;25.0;1.0;8.0;50.17;2.382;2.571;1;NBA215;9.87
216;29.0;1.0;8.0;37.44;5.258;4.859;1;NBA216;27.02
217;34.0;1.0;20.0;69.52;2.43;2.135;1;NBA217;6.57
218;49.0;2.0;26.0;86.27;2.459;1.871;1;NBA218;5.02
219;30.0;4.0;14.0;59.5;1.295;1.455;1;NBA219;4.62
220;44.0;1.0;29.0;81.77;2.453;;1;NBA220;5.85
221;69.0;1.0;45.0;156.72;2.453;2.198;1;NBA221;2.97
222;70.0;4.0;37.0;120.1;3.362;3.214;1;NBA222;5.48
223;22.0;1.0;4.0;25.92;1.869;1.611;1;NBA223;13.43
224;;4.0;17.0;74.5;2.488;2.135;0;NBA224;6.21
225;55.0;1.0;38.0;129.1;3.277;3.022;0;NBA225;4.88
226;50.0;1.0;30.0;103.72;4.95;4.272;0;NBA226;8.89
227;36.0;1.0;19.0;;2.835;2.562;0;NBA227;8.79
228;39.0;3.0;22.0;86.1;1.583;1.4;0;NBA228;3.46
229;36.0;;21.0;76.47;3.018;;0;NBA229;7.45
230;59.0;;44.0;132.05;6.624;6.224;0;NBA230;9.73
231;63.0;1.0;45.0;140.11;2.152;1.588;0;NBA231;2.67
232;21.0;4.0;4.0;29.05;1.785;1.469;0;NBA232;11.2
233;60.0;4.0;41.0;124.28;3.644;3.312;0;NBA233;5.6
234;50.0;1.0;54.0;112.04;2.937;2.782;0;NBA234;5.1
235;47.0;2.0;31.0;;3.232;3.172;0;NBA235;6.55
236;50.0;3.0;34.0;117.91;1.997;1.955;0;NBA236;3.35
237;35.0;2.0;18.0;68.29;2.502;2.527;0;NBA237;7.36
238;70.0;3.0;5.0;33.32;2.911;2.827;0;NBA238;17.22
239;34.0;1.0;19.0;60.62;40.696;36.872;1;NBA239;15.99
240;59.0;;38.0;122.64;4.629;4.164;0;NBA240;7.17
241;61.0;4.0;42.0;138.07;1.191;0.969;0;NBA241;6.24
242;52.0;1.0;35.0;5.811.999.999.999.990;4.297;3.778;0;NBA242;6.95
243;49.0;3.0;34.0;107.72;2.558;;1;NBA243;4.4
244;68.0;3.0;45.0;144.33;;3.113;1;NBA244;4.31
245;55.0;2.0;34.0;107.93;2.609;2.386;1;NBA245;4.63
246;30.0;3.0;;40.3;1.662;1.277;1;NBA246;7.29
247;;3.0;39.0;134.4;3.011;2.576;1;NBA247;16.64
248;42.0;3.0;26.0;101.77;2.521;2.133;1;NBA248;4.57
249;42.0;4.0;28.0;108.23;2.793;2.744;1;NBA249;5.12
250;64.0;1.0;45.0;146.28;2.364;2.089;1;NBA250;3.04
251;;;;136.93;3.368;2.782;1;NBA251;
252;68.0;1.0;45.0;6.968.000.000.000.000;1.961;1.77;0;NBA252;2.68
253;38.0;4.0;19.0;77.7;1.506;1.219;0;NBA253;3.51
254;55.0;4.0;34.0;111.78;3.6;3.014;0;NBA254;5.92
255;44.0;4.0;26.0;100.81;1.62;1.715;0;NBA255;3.31
256;;2.0;19.0;65.98;4.147;3.873;0;NBA256;12.15
257;55.0;4.0;37.0;;30.728;29.656;1;NBA257;5.97
258;58.0;2.0;39.0;;3.095;2.62;0;NBA258;5.0
259;44.0;4.0;22.0;74.6;3.422;;0;NBA259;8.69
260;43.0;;26.0;92.52;2.297;2.121;0;NBA260;
261;53.0;4.0;36.0;119.63;2.717;2.192;0;NBA261;4.1
262;47.0;1.0;28.0;95.27;1.717;1.412;0;NBA262;3.28
263;59.0;4.0;36.0;;2.943;2.687;0;NBA263;5.25
264;54.0;1.0;30.0;100.42;3.195;2.82;0;NBA264;5.99
265;22.0;4.0;1.0;15.89;2.566;2.464;0;NBA265;31.65
266;67.0;3.0;45.0;136.2;1.298;1.275;0;NBA266;1.89
267;65.0;4.0;45.0;143.29;3.851;3.36;1;NBA267;5.03
268;21.0;3.0;3.0;17.23;5.242;4.734;1;NBA268;57.89
269;39.0;2.0;21.0;69.08;2.376;2.202;1;NBA269;6.63
270;55.0;2.0;;119.83;2.737;2.508;1;NBA270;4.38
271;24.0;3.0;33.0;37.99;5.895;5.423;1;NBA271;29.79
272;66.0;3.0;45.0;151.45;2.877;2.735;1;NBA272;3.71
273;34.0;2.0;15.0;53.32;;1.929;1;NBA273;8.39
274;39.0;4.0;19.0;64.94;1.155;0.75;1;NBA274;2.93
275;22.0;1.0;0.0;5.0;4.843;3.941;1;NBA275;175.68
276;32.0;4.0;16.0;24.760.000.000.000.000;2.481;2.398;0;NBA276;9.85
277;23.0;2.0;6.0;21.92;3.446;3.038;0;NBA277;29.58
278;49.0;2.0;28.0;97.6;3.811;3.728;0;;7.72
279;70.0;2.0;45.0;133.79;3.433;3.222;0;NBA279;19.88
280;;3.0;2.0;13.93;3.278;2.825;0;NBA280;43.8
281;70.0;4.0;35.0;;3.043;2.954;0;NBA281;5.53
282;61.0;1.0;;144.24;2.99;2.519;0;NBA282;3.82
283;60.0;1.0;42.0;129.68;3.31;2.893;0;NBA283;4.78
284;45.0;2.0;29.0;101.33;3.124;;0;NBA284;5.59
285;31.0;3.0;14.0;46.1;1.464;1.444;0;NBA285;6.31
286;70.0;3.0;34.0;115.2;14.728;10.52;0;NBA286;2.74
287;40.0;3.0;24.0;41.115.000.000.000.000;2.479;2.502;0;NBA287;6.06
288;59.0;;41.0;134.82;4.171;4.029;0;NBA288;6.08
289;47.0;1.0;27.0;81.63;3.355;3.355;0;NBA289;8.22
290;21.0;3.0;6.0;30.73;1.854;1.592;0;NBA290;11.21
291;61.0;2.0;44.0;;4.396;4.008;0;NBA291;6.08
292;30.0;2.0;8.0;31.94;4.662;3.996;1;NBA292;27.1
293;49.0;;33.0;112.21;27.704;26.016;1;NBA293;5.98
294;41.0;3.0;23.0;80.0;6.552;5.609;1;NBA294;15.2
295;26.0;4.0;7.0;38.99;3.331;2.919;1;NBA295;16.03
296;51.0;2.0;32.0;100.0;4.239;;1;NBA296;7.72
297;66.0;3.0;45.0;142.81;5.054;4.627;1;NBA297;6.78
298;39.0;2.0;17.0;51.45;;2.961;1;NBA298;12.5
299;70.0;3.0;30.0;104.63;2.117;1.759;1;NBA299;3.7
300;34.0;1.0;17.0;51.9;2.082;1.878;1;NBA300;7.63
301;39.0;3.0;;65.64;2.781;2.458;1;NBA301;7.98
302;22.0;2.0;5.0;29.78;2.562;2.191;1;NBA302;15.96
303;58.0;2.0;39.0;128.6;3.038;2.465;1;NBA303;4.28
304;42.0;4.0;;80.44;2.54;2.55;1;NBA304;6.33
305;70.0;2.0;25.0;68.85;5.108;4.67;1;NBA305;14.2
306;67.0;1.0;45.0;130.9;32.6;30.144;1;NBA306;5.99
307;40.0;2.0;25.0;78.28;4.194;3.783;1;NBA307;10.19
308;22.0;4.0;3.0;22.35;3.603;3.293;1;NBA308;30.85
309;56.0;4.0;39.0;113.12;3.751;3.391;1;NBA309;6.31
310;51.0;4.0;33.0;100.39;3.646;3.286;1;NBA310;6.91
311;45.0;4.0;27.0;93.34;2.641;2.564;1;NBA311;5.58
312;31.0;4.0;16.0;60.23;3.5;2.939;0;NBA312;10.69
313;57.0;1.0;40.0;;1.424;1.157;0;NBA313;1.97
314;69.0;3.0;45.0;143.63;2.541;1.876;0;NBA314;3.08
315;37.0;;18.0;53.29;;3.274;0;NBA315;12.4
316;61.0;3.0;42.0;123.89;2.622;2.275;0;NBA316;3.95
317;43.0;2.0;24.0;82.17;2.063;1.733;0;NBA317;4.62
318;31.0;2.0;11.0;47.96;24.256;;0;NBA318;11.97
319;35.0;4.0;16.0;54.59;3.785;3.261;0;NBA319;51.64
320;;3.0;45.0;147.91;2.11;1.887;1;NBA320;
321;28.0;2.0;11.0;39.52;2.168;2.007;0;NBA321;42.24
322;36.0;4.0;16.0;54.82;4.993;4.4;0;NBA322;17.13
323;28.0;2.0;;42.24;2.305;1.834;0;NBA323;9.8
324;55.0;3.0;37.0;119.97;2.524;2.249;0;NBA324;3.98
325;41.0;3.0;25.0;79.34;20.536;19.12;0;NBA325;6.25
326;34.0;3.0;17.0;61.16;3.29;3.125;0;NBA326;10.49
327;26.0;2.0;35.0;31.67;;2.065;0;NBA327;14.27
328;35.0;4.0;18.0;58.76;2.123;1.516;1;NBA328;6.19
329;37.0;;22.0;88.09;1.975;1.661;1;NBA329;4.13
330;24.0;;6.0;21.89;1.438;1.44;1;NBA330;52.6
331;29.0;4.0;7.0;46.05;3.258;2.838;1;NBA331;13.24
332;35.0;1.0;18.0;59.95;2.696;2.469;1;NBA332;8.62
333;52.0;4.0;32.0;113.87;30.768;27.768;1;NBA333;6.43
334;41.0;4.0;18.0;60.98;3.36;2.858;1;NBA334;10.2
335;61.0;2.0;44.0;128.97;2.436;2.47;1;NBA335;3.8
336;;2.0;4.0;24.8;;4.068;1;NBA336;32.88
337;36.0;4.0;18.0;64.56;2.877;2.499;1;NBA337;8.33
338;21.0;2.0;4.0;27.47;4.624;4.121;1;NBA338;31.83
339;25.0;2.0;6.0;23.06;3.472;3.168;0;NBA339;28.79
340;21.0;4.0;5.0;16.39;3.572;3.321;1;NBA340;168.2
341;50.0;4.0;32.0;102.07;4.85;4.33;0;NBA341;8.99
342;65.0;3.0;45.0;136.51;3.166;2.55;0;NBA342;4.19
343;52.0;2.0;34.0;103.22;2.211;2.281;0;;4.35
344;41.0;1.0;18.0;63.95;3.212;2.845;0;NBA344;9.47
345;35.0;1.0;18.0;75.62;18.416;;0;NBA345;5.77
346;66.0;2.0;44.0;147.51;7.782;7.364;0;NBA346;
347;55.0;3.0;60.0;123.4;2.735;2.529;0;NBA347;4.27
348;44.0;1.0;26.0;98.13;19.072;17.16;0;NBA348;
349;60.0;1.0;42.0;147.93;;2.137;0;NBA349;3.06
350;48.0;3.0;28.0;104.94;5.53;5.132;0;NBA350;10.16
351;25.0;3.0;;31.71;1.521;1.423;0;NBA351;9.29
352;39.0;2.0;38.0;53.59;2.183;2.048;0;NBA352;7.9
353;65.0;1.0;45.0;143.23;2.698;2.614;0;NBA353;3.71
354;60.0;4.0;40.0;134.59;2.244;;0;NBA354;3.18
355;25.0;4.0;3.0;13.23;3.343;2.978;1;NBA355;47.77
356;38.0;4.0;23.0;97.03;4.256;3.452;0;NBA356;7.94
357;66.0;4.0;45.0;135.59;1.835;2.304;0;NBA357;3.05
358;61.0;4.0;45.0;133.06;2.623;2.347;0;NBA358;3.73
359;25.0;1.0;9.0;23.28;;3.367;0;NBA359;30.85
360;40.0;1.0;23.0;;23.88;;0;NBA360;
361;27.0;4.0;10.0;51.09;4.359;3.915;0;NBA361;16.2
362;27.0;1.0;6.0;39.22;2.206;2.169;1;NBA362;11.16
363;32.0;4.0;11.0;47.71;;1.117;1;NBA363;5.3
364;41.0;4.0;26.0;90.77;2.635;2.268;1;NBA364;5.4
365;39.0;3.0;23.0;80.35;5.111;4.459;1;NBA365;11.91
366;22.0;3.0;2.0;35.31;2.562;2.499;1;NBA366;14.33
367;52.0;4.0;34.0;116.2;3.777;3.362;1;NBA367;6.14
368;40.0;2.0;22.0;85.35;2.713;2.718;1;NBA368;6.36
369;38.0;4.0;40.0;66.07;2.066;2.078;1;NBA369;6.27
370;40.0;4.0;23.0;;3.327;2.745;1;NBA370;9.17
371;;4.0;12.0;290.1;1.394;1.088;1;NBA371;4.28
372;56.0;1.0;40.0;132.1;3.272;2.804;1;NBA372;4.6
373;46.0;3.0;27.0;94.96;3.031;2.65;1;NBA373;5.98
374;70.0;4.0;45.0;140.4;3.669;3.342;1;NBA374;4.99
375;68.0;3.0;45.0;143.56;2.117;1.682;1;NBA375;2.65
376;28.0;1.0;3.0;19.89;3.716;3.331;1;NBA376;141.76
377;31.0;1.0;17.0;67.93;3.608;3.205;1;NBA377;10.03
378;51.0;4.0;46.0;88.41;3.948;3.482;0;NBA378;8.4
379;45.0;1.0;29.0;97.1;2.49;2.116;0;NBA379;4.74
380;62.0;2.0;45.0;135.98;2.033;1.965;0;NBA380;2.94
381;52.0;;33.0;100.49;1.716;1.368;0;NBA381;3.07
382;55.0;3.0;34.0;108.45;3.085;2.747;0;NBA382;
383;40.0;4.0;27.0;89.06;1.785;1.318;0;NBA383;3.48
384;70.0;1.0;15.0;56.07;3.854;3.736;0;NBA384;13.54
385;;1.0;18.0;;2.912;2.548;0;NBA385;6.91
386;41.0;3.0;24.0;72.31;1.757;1.845;0;NBA386;
387;48.0;4.0;32.0;96.87;21.472;;0;NBA387;5.11
388;67.0;2.0;45.0;141.17;3.378;3.189;0;NBA388;4.65
389;59.0;2.0;38.0;121.33;2.436;1.839;0;NBA389;3.52
390;47.0;;43.0;93.78;3.072;2.982;0;NBA390;6.46
391;70.0;1.0;39.0;131.74;3.023;2.766;0;NBA391;4.39
392;54.0;1.0;59.0;110.22;2.829;2.317;0;NBA392;4.67
393;27.0;3.0;8.0;30.3;2.362;1.89;0;NBA393;14.03
394;36.0;4.0;18.0;;2.815;2.496;0;NBA394;6.3
395;55.0;1.0;40.0;128.62;1.658;1.505;0;NBA395;2.46
396;60.0;4.0;45.0;141.37;1.853;1.433;0;NBA396;2.32
397;28.0;4.0;5.0;29.63;2.357;2.256;1;NBA397;15.57
398;49.0;;32.0;97.73;2.956;2.774;1;NBA398;5.86
399;53.0;1.0;39.0;118.05;3.482;;1;NBA399;22.72
400;60.0;1.0;39.0;124.37;2.744;2.65;1;NBA400;
401;68.0;1.0;45.0;143.17;3.234;2.534;1;NBA401;4.03
402;35.0;3.0;20.0;75.35;2.799;2.8;1;NBA402;7.43
403;29.0;1.0;11.0;37.37;2.928;2.468;1;NBA403;14.44
404;32.0;2.0;13.0;57.11;4.146;3.653;1;;13.66
405;69.0;3.0;45.0;132.16;16.832;14.48;1;NBA405;2.96
406;30.0;4.0;14.0;62.89;2.84;2.706;1;NBA406;8.82
407;;1.0;19.0;89.1;3.169;2.942;1;NBA407;6.86
408;50.0;4.0;33.0;96.97;3.099;2.729;1;NBA408;6.01
409;38.0;1.0;21.0;77.84;25.072;23.448;1;NBA409;7.79
410;24.0;3.0;28.0;43.05;15.808;13.344;1;NBA410;8.46
411;28.0;1.0;;209.4;24.36;19.552;1;NBA411;13.11
412;38.0;3.0;21.0;85.67;28.608;26.4;1;NBA412;8.03
413;65.0;2.0;45.0;128.63;2.044;1.927;1;NBA413;12.36
414;54.0;4.0;39.0;119.04;5.475;5.101;1;NBA414;8.88
415;30.0;2.0;11.0;50.51;3.323;2.905;1;NBA415;12.33
416;34.0;3.0;;69.65;1.853;2.03;1;NBA416;5.58
417;68.0;4.0;45.0;136.84;5.818;4.992;1;NBA417;7.9
418;33.0;2.0;13.0;39.51;2.455;2.596;1;NBA418;12.78
419;34.0;2.0;37.0;66.95;;4.433;1;NBA419;13.73
420;32.0;1.0;14.0;67.8;1.835;1.582;0;NBA420;5.04
421;26.0;3.0;10.0;47.35;1.996;1.569;0;NBA421;7.53
422;44.0;2.0;23.0;366.1;1.108;0.796;0;NBA422;2.6
423;66.0;2.0;45.0;129.33;2.12;1.977;0;NBA423;3.17
424;70.0;3.0;36.0;138.66;1.763;1.331;0;NBA424;2.23
425;53.0;4.0;35.0;114.81;3.285;2.861;0;NBA425;5.35
426;34.0;1.0;18.0;51.5;4.561;4.156;0;NBA426;16.93
427;57.0;2.0;40.0;;2.752;2.671;0;NBA427;4.84
428;47.0;2.0;28.0;103.85;1.433;1.419;0;NBA428;2.75
429;52.0;3.0;60.0;123.95;5.184;4.841;0;NBA429;8.09
430;70.0;3.0;;140.28;3.16;2.916;0;NBA430;4.33
431;66.0;1.0;45.0;137.19;2.824;2.403;0;NBA431;3.81
432;46.0;4.0;26.0;94.19;3.652;3.289;0;NBA432;7.37
433;;1.0;32.0;111.76;;3.416;1;NBA433;6.53
434;70.0;2.0;17.0;323.35;17.84;14.064;1;NBA434;6.17
435;52.0;1.0;;105.27;4.602;4.033;1;NBA435;8.2
436;62.0;4.0;45.0;143.62;2.873;2.331;1;NBA436;3.62
437;;;10.0;63.46;;2.489;1;NBA437;8.69
438;66.0;4.0;45.0;132.11;1.039;1.27;1;NBA438;1.75
439;21.0;2.0;3.0;17.04;4.644;3.971;1;NBA439;50.54
440;70.0;2.0;41.0;123.14;2.569;2.69;1;NBA440;4.27
441;33.0;4.0;16.0;53.01;2.099;1.917;1;NBA441;7.58
442;37.0;2.0;22.0;89.58;4.634;4.219;1;NBA442;9.88
443;40.0;4.0;18.0;71.6;2.816;2.499;1;NBA443;7.42
444;70.0;1.0;29.0;87.6;2.082;1.961;1;NBA444;4.61
445;52.0;1.0;34.0;100.47;2.58;2.423;1;NBA445;4.98
446;37.0;;19.0;67.46;2.613;2.104;1;NBA446;6.99
447;46.0;4.0;51.0;81.75;;1.934;1;NBA447;4.95
448;67.0;4.0;45.0;143.88;4.417;3.865;1;NBA448;5.76
449;;1.0;39.0;125.97;2.52;2.18;1;NBA449;3.73
450;21.0;4.0;5.0;15.94;2.86;2.535;1;NBA450;33.85
451;50.0;;29.0;112.15;1.588;1.499;0;;2.75
452;64.0;1.0;45.0;134.24;1.402;1.705;0;NBA452;2.31
453;52.0;2.0;33.0;119.48;2.472;2.438;0;NBA453;16.44
454;34.0;4.0;;69.54;2.464;2.08;0;NBA454;
455;35.0;1.0;18.0;62.86;2.658;2.312;0;NBA455;7.91
456;28.0;;12.0;30.62;4.407;3.744;0;NBA456;26.62
457;53.0;;35.0;107.4;6.94;6.297;0;NBA457;12.32
458;62.0;;44.0;147.51;2.477;1.831;0;NBA458;2.92
459;70.0;1.0;23.0;86.41;4.359;3.752;0;NBA459;9.39
460;60.0;2.0;39.0;116.69;;2.016;0;NBA460;3.65
461;47.0;2.0;28.0;71.27;4.406;4.41;0;NBA461;12.37
462;23.0;2.0;8.0;39.43;2.844;;0;NBA462;13.86
463;21.0;1.0;6.0;20.83;3.098;3.068;0;NBA463;29.59
464;35.0;2.0;15.0;54.98;3.1;3.175;0;NBA464;11.41
465;52.0;2.0;;95.33;2.022;1.812;0;NBA465;4.02
466;25.0;1.0;5.0;39.57;1.899;1.891;1;NBA466;9.58
467;46.0;2.0;26.0;82.75;1.035;0.766;1;NBA467;2.18
468;58.0;3.0;37.0;119.52;4.669;4.356;1;NBA468;7.55
469;66.0;2.0;45.0;139.35;4.743;4.165;0;NBA469;6.39
470;66.0;2.0;45.0;676.75;3.472;3.223;0;NBA470;4.95
471;30.0;2.0;14.0;60.33;4.576;3.96;0;NBA471;14.15
472;35.0;3.0;21.0;;3.682;3.24;1;NBA472;9.02
473;22.0;3.0;4.0;28.86;2.319;2.492;1;NBA473;16.67
474;38.0;2.0;15.0;53.61;3.308;2.893;1;NBA474;11.57
475;41.0;3.0;22.0;80.64;1.577;1.454;1;NBA475;3.76
476;22.0;4.0;1.0;8.43;3.079;2.834;1;NBA476;70.12
477;70.0;1.0;45.0;143.22;3.726;3.407;1;NBA477;
478;26.0;3.0;6.0;29.62;3.258;3.207;1;NBA478;21.83
479;44.0;4.0;28.0;67.92;1.532;;1;NBA479;18.88
480;24.0;4.0;4.0;14.42;3.119;2.551;1;NBA480;39.31
481;21.0;3.0;3.0;19.76;2.434;;1;NBA481;23.12
482;70.0;2.0;43.0;153.05;1.763;1.464;1;NBA482;2.11
483;34.0;4.0;16.0;70.41;1.483;1.569;1;NBA483;4.33
484;70.0;4.0;9.0;;4.125;4.07;1;NBA484;23.4
485;32.0;4.0;16.0;69.3;3.003;2.624;1;NBA485;32.48
486;44.0;4.0;27.0;82.38;3.656;3.191;0;NBA486;
487;25.0;1.0;27.0;47.08;5.155;4.445;0;NBA487;20.39
488;34.0;3.0;18.0;;44.392;43.344;0;NBA488;17.64
489;67.0;2.0;45.0;133.37;2.52;;0;NBA489;3.73
490;70.0;1.0;26.0;74.23;3.923;3.542;0;NBA490;10.06
491;68.0;4.0;45.0;139.36;2.811;2.598;0;NBA491;3.88
492;48.0;3.0;26.0;95.8;3.204;2.877;0;NBA492;6.35
493;33.0;1.0;13.0;50.77;;3.164;0;NBA493;13.36
494;38.0;1.0;23.0;107.4;2.881;2.506;1;NBA494;5.02
495;54.0;2.0;33.0;101.89;3.347;3.051;0;NBA495;6.28
496;34.0;1.0;17.0;72.51;2.63;2.317;0;NBA496;6.82
497;26.0;1.0;10.0;50.78;3.489;3.011;0;NBA497;12.8
498;66.0;3.0;45.0;141.97;1.001;0.79;0;NBA498;1.26
499;25.0;4.0;6.0;29.86;3.917;3.672;0;NBA499;25.42
500;67.0;2.0;45.0;135.16;2.515;2.654;0;NBA500;
501;63.0;;42.0;138.59;2.293;1.95;0;NBA501;3.06
502;70.0;4.0;30.0;105.63;2.522;;0;NBA502;4.55
503;24.0;1.0;4.0;24.3;1.791;1.787;0;NBA503;14.73
504;;4.0;22.0;70.39;4.05;3.516;1;NBA504;10.75
505;31.0;4.0;10.0;31.96;21.648;;1;NBA505;16.94
506;46.0;1.0;25.0;83.97;2.573;2.484;1;NBA506;6.02
507;38.0;2.0;22.0;30.934.999.999.999.900;3.335;3.15;1;NBA507;10.48
508;48.0;1.0;30.0;92.34;4.001;3.572;1;NBA508;8.2
509;30.0;2.0;13.0;;2.175;2.263;1;NBA509;6.57
510;68.0;3.0;45.0;132.94;20.4;17.904;1;NBA510;3.6
511;31.0;2.0;12.0;221.25;3.577;;1;NBA511;15.56
512;42.0;2.0;;80.82;3.36;3.072;1;NBA512;7.96
513;;2.0;4.0;29.75;3.668;3.529;1;NBA513;96.76
514;38.0;4.0;40.0;71.2;2.514;1.858;1;NBA514;6.14
515;56.0;4.0;39.0;127.53;3.199;2.584;1;;4.53
516;68.0;4.0;45.0;;2.675;2.644;1;NBA516;3.81
517;37.0;1.0;17.0;62.62;4.971;4.136;1;NBA517;14.54
518;53.0;4.0;36.0;108.26;3.624;3.302;1;NBA518;6.4
519;39.0;1.0;20.0;75.1;3.373;2.708;1;NBA519;8.1
520;27.0;3.0;12.0;49.96;3.261;3.076;1;NBA520;12.68
521;57.0;1.0;39.0;124.51;2.847;2.295;1;NBA521;4.13
522;48.0;1.0;33.0;110.23;2.111;2.15;1;NBA522;3.87
523;57.0;2.0;38.0;121.85;2.274;1.752;1;NBA523;3.3
524;61.0;2.0;45.0;137.38;3.493;3.119;1;NBA524;4.81
525;31.0;1.0;14.0;54.43;2.315;2.255;1;NBA525;8.4
526;49.0;4.0;28.0;88.32;4.771;4.631;1;NBA526;10.65
527;40.0;3.0;24.0;62.23;4.031;3.642;1;NBA527;12.33
528;;3.0;40.0;234.1;2.419;2.221;1;NBA528;9.91
529;45.0;4.0;23.0;75.69;2.886;2.337;1;NBA529;
530;39.0;1.0;21.0;73.54;6.138;5.354;1;NBA530;15.63
531;;2.0;45.0;143.33;2.919;2.726;1;NBA531;3.94
532;57.0;2.0;41.0;140.18;48.168;42.368;1;NBA532;8.07
533;65.0;1.0;45.0;;2.727;2.112;0;NBA533;3.17
534;;;26.0;100.15;1.98;1.695;0;NBA534;3.67
535;33.0;3.0;9.0;37.71;3.407;3.129;0;NBA535;17.33
536;21.0;1.0;1.0;25.92;2.08;1.65;0;;14.39
537;39.0;1.0;20.0;52.39;1.709;1.717;0;NBA537;6.54
538;37.0;4.0;19.0;;1.692;1.65;0;NBA538;5.75
539;46.0;4.0;31.0;114.83;4.115;3.484;0;NBA539;
540;58.0;2.0;39.0;122.38;3.396;3.138;0;NBA540;5.34
541;47.0;4.0;26.0;86.19;1.872;1.247;0;NBA541;3.62
542;24.0;3.0;3.0;26.19;4.061;3.344;0;NBA542;28.27
543;;4.0;16.0;63.5;1.549;1.52;0;NBA543;4.83
544;70.0;2.0;21.0;71.02;2.547;2.198;0;NBA544;6.68
545;57.0;3.0;40.0;631.25;4.493;3.832;0;NBA545;6.59
546;48.0;3.0;29.0;84.0;2.081;1.964;0;NBA546;4.82
547;62.0;4.0;44.0;7.028.499.999.999.990;4.182;;1;NBA547;5.69
548;;4.0;18.0;72.24;2.667;2.516;1;NBA548;7.17
549;25.0;4.0;7.0;41.62;3.12;2.898;1;NBA549;14.46
550;55.0;2.0;39.0;626.65;4.047;3.839;1;NBA550;6.29
551;61.0;2.0;45.0;136.03;3.662;;1;NBA551;5.15
552;24.0;2.0;4.0;;2.703;2.641;1;NBA552;23.28
553;51.0;4.0;32.0;97.61;3.347;3.432;1;NBA553;6.94
554;67.0;4.0;;128.94;2.05;1.69;1;NBA554;2.9
555;60.0;3.0;42.0;135.99;3.242;2.992;1;NBA555;4.58
556;58.0;2.0;42.0;126.68;26.896;23.544;1;NBA556;4.98
557;43.0;2.0;27.0;108.19;5.438;5.137;1;NBA557;9.77
558;64.0;4.0;44.0;140.15;17.68;17.728;1;NBA558;3.16
559;30.0;3.0;16.0;70.77;3.914;3.626;0;NBA559;
560;47.0;4.0;30.0;86.12;3.522;3.502;0;NBA560;8.16
561;42.0;4.0;26.0;86.21;1.465;1.436;0;NBA561;3.37
562;44.0;1.0;25.0;91.78;2.568;1.933;0;NBA562;4.9
563;28.0;3.0;12.0;54.9;3.082;2.738;0;NBA563;10.6
564;36.0;1.0;17.0;65.45;3.127;2.903;0;NBA564;9.21
565;67.0;2.0;45.0;145.15;2.873;2.703;0;NBA565;3.84
566;26.0;4.0;8.0;30.79;2.311;2.121;0;NBA566;14.39
567;58.0;3.0;38.0;114.07;3.601;;0;NBA567;6.34
568;46.0;3.0;25.0;80.75;3.592;;1;NBA568;8.34
569;60.0;2.0;43.0;123.39;2.552;2.557;1;NBA569;4.14
570;36.0;2.0;;;3.297;3.067;1;NBA570;8.07
571;24.0;2.0;4.0;16.94;3.912;3.525;1;NBA571;43.9
572;64.0;1.0;45.0;132.36;2.773;2.545;1;NBA572;4.02
573;47.0;1.0;32.0;102.57;3.385;3.321;1;NBA573;6.54
574;29.0;1.0;14.0;;3.368;3.206;1;NBA574;9.76
575;34.0;4.0;17.0;64.46;1.598;1.119;1;NBA575;4.21
576;23.0;4.0;;30.18;5.25;5.012;0;NBA576;34.01
577;49.0;3.0;35.0;113.63;4.643;3.735;0;NBA577;7.37
578;60.0;3.0;41.0;7.123.000.000.000.000;;3.95;0;NBA578;5.83
579;48.0;3.0;31.0;;4.609;4.199;0;NBA579;8.27
580;70.0;2.0;45.0;129.0;3.352;3.233;0;NBA580;5.1
581;54.0;2.0;40.0;116.93;4.531;4.049;0;NBA581;7.34
582;42.0;;25.0;86.23;1.982;;0;NBA582;4.02
583;61.0;1.0;44.0;140.17;1.664;1.484;0;NBA583;2.25
584;64.0;3.0;45.0;136.41;2.654;2.239;0;NBA584;3.59
585;33.0;1.0;16.0;62.24;27.296;25.072;0;NBA585;10.52
586;56.0;2.0;41.0;140.19;3.482;2.861;0;NBA586;4.52
587;54.0;4.0;39.0;119.99;2.82;2.476;1;NBA587;4.41
588;60.0;3.0;45.0;152.12;2.172;1.905;1;NBA588;2.68
589;52.0;1.0;34.0;121.41;2.319;;0;NBA589;
590;50.0;2.0;34.0;85.69;3.521;3.202;0;NBA590;7.84
591;42.0;1.0;22.0;71.25;1.564;1.551;0;NBA591;17.48
592;46.0;2.0;27.0;96.57;2.6;2.268;0;NBA592;5.04
593;;1.0;45.0;140.0;2.276;2.27;0;NBA593;13.0
594;52.0;2.0;33.0;107.51;3.942;3.486;0;NBA594;6.91
595;70.0;1.0;45.0;148.17;1.872;1.781;0;NBA595;2.47
596;60.0;3.0;41.0;136.13;2.887;2.535;0;NBA596;3.98
597;70.0;3.0;45.0;134.99;2.793;2.598;0;NBA597;3.99
598;68.0;;45.0;120.07;2.43;2.347;1;NBA598;3.98
599;42.0;1.0;25.0;89.26;3.464;3.074;1;NBA599;7.32
600;65.0;1.0;45.0;149.11;3.468;3.808;1;NBA600;4.88
601;66.0;1.0;45.0;144.68;4.153;3.673;1;NBA601;5.41
602;57.0;1.0;41.0;132.57;5.611;4.96;1;NBA602;7.97
603;63.0;4.0;40.0;132.8;3.959;3.399;1;NBA603;5.54
604;67.0;2.0;45.0;144.74;2.252;2.032;1;NBA604;2.96
605;60.0;1.0;42.0;126.95;1.42;1.447;1;NBA605;2.26
606;22.0;4.0;9.0;41.98;2.794;2.476;1;NBA606;12.55
607;33.0;2.0;15.0;61.55;2.98;2.592;1;NBA607;9.05
608;21.0;2.0;3.0;18.11;;3.519;1;NBA608;
609;70.0;2.0;42.0;133.19;3.168;2.969;1;NBA609;4.61
610;;4.0;14.0;62.99;3.699;3.319;1;NBA610;
611;66.0;4.0;45.0;156.8;2.946;2.615;1;NBA611;3.55
612;21.0;1.0;5.0;;2.219;1.97;1;NBA612;12.09
613;54.0;4.0;37.0;135.15;3.35;2.925;1;NBA613;4.64
614;48.0;2.0;31.0;101.18;6.728;5.977;1;NBA614;50.24
615;52.0;3.0;35.0;111.47;3.106;2.631;1;NBA615;5.15
616;30.0;4.0;11.0;56.54;1.994;1.845;1;NBA616;6.79
617;62.0;3.0;45.0;139.37;3.527;3.067;1;NBA617;4.73
618;64.0;4.0;44.0;134.73;3.349;3.165;1;NBA618;4.83
619;70.0;3.0;45.0;131.64;3.182;2.914;1;NBA619;4.63
620;25.0;;7.0;34.19;4.296;3.541;1;NBA620;22.92
621;55.0;1.0;60.0;124.42;3.006;3.005;1;NBA621;4.83
622;59.0;2.0;;119.02;1.367;1.151;0;NBA622;2.12
623;59.0;1.0;44.0;;1.983;1.952;0;NBA623;3.09
624;24.0;2.0;7.0;37.35;3.075;2.73;0;NBA624;15.54
625;27.0;3.0;12.0;54.92;3.756;3.418;0;NBA625;13.06
626;67.0;2.0;45.0;136.79;2.611;2.533;0;NBA626;3.76
627;27.0;2.0;10.0;36.92;3.783;3.33;0;NBA627;19.26
628;39.0;4.0;22.0;74.45;4.54;3.864;0;NBA628;11.29
629;43.0;4.0;20.0;36.73;4.966;4.314;0;NBA629;25.26
630;34.0;;16.0;54.75;2.389;2.422;1;NBA630;
631;56.0;;40.0;136.04;3.216;;0;NBA631;4.47
632;37.0;2.0;19.0;75.85;3.64;2.997;0;NBA632;8.75
633;70.0;3.0;45.0;136.21;2.403;2.172;0;NBA633;3.36
634;56.0;4.0;38.0;119.58;39.896;34.256;0;NBA634;7.75
635;34.0;2.0;12.0;;2.294;1.803;0;NBA635;11.83
636;64.0;4.0;45.0;130.82;4.222;3.943;0;NBA636;6.24
637;49.0;1.0;29.0;96.39;2.324;2.287;0;NBA637;4.78
638;54.0;3.0;33.0;98.34;3.706;3.289;0;NBA638;7.11
639;36.0;2.0;20.0;83.96;4.696;3.998;0;NBA639;10.36
640;28.0;4.0;11.0;270.85;4.807;3.928;0;NBA640;16.12
641;45.0;3.0;29.0;99.84;2.812;2.591;0;NBA641;5.41
642;39.0;4.0;21.0;76.07;2.839;2.72;0;NBA642;
643;21.0;3.0;2.0;;4.095;3.433;0;NBA643;48.33
644;45.0;4.0;29.0;96.53;4.276;4.194;0;NBA644;8.77
645;70.0;3.0;10.0;27.52;3.207;2.307;0;NBA645;20.04
646;34.0;4.0;17.0;339.25;4.251;3.621;0;NBA646;11.6
647;23.0;3.0;3.0;29.01;;1.832;0;NBA647;12.3
648;67.0;2.0;45.0;737.35;3.312;3.246;0;NBA648;4.45
649;49.0;4.0;33.0;106.08;3.423;2.753;0;NBA649;
650;56.0;4.0;;128.58;2.12;;0;NBA650;3.28
651;30.0;3.0;16.0;60.47;2.996;2.985;0;NBA651;9.89
652;56.0;2.0;35.0;114.55;4.198;3.954;0;NBA652;7.12
653;48.0;3.0;33.0;103.18;2.094;1.901;1;NBA653;3.87
654;33.0;4.0;15.0;53.2;2.106;1.935;1;NBA654;7.6
655;45.0;1.0;29.0;417.2;1.37;0.928;1;NBA655;2.75
656;47.0;2.0;31.0;97.45;5.848;5.272;1;NBA656;11.41
657;58.0;4.0;36.0;113.11;2.006;1.785;1;NBA657;3.35
658;32.0;4.0;16.0;58.09;1.512;1.143;1;NBA658;4.57
659;65.0;3.0;45.0;132.28;33.152;;1;NBA659;5.79
660;;1.0;;51.06;3.651;3.151;1;NBA660;13.32
661;53.0;3.0;38.0;114.22;2.358;2.066;1;NBA661;3.87
662;59.0;3.0;42.0;129.53;3.872;3.708;1;NBA662;5.85
663;60.0;1.0;43.0;143.36;3.984;3.623;0;NBA663;5.31
664;33.0;2.0;18.0;57.37;2.431;2.307;1;NBA664;8.26
665;38.0;4.0;23.0;41.034.999.999.999.900;3.629;3.507;1;NBA665;8.7
666;55.0;4.0;37.0;115.72;5.913;5.088;1;NBA666;9.51
667;36.0;4.0;16.0;56.82;2.904;2.618;0;NBA667;9.72
668;33.0;3.0;19.0;60.31;1.427;1.2;1;NBA668;4.36
669;64.0;3.0;45.0;157.88;2.345;1.966;1;;10.92
670;60.0;4.0;38.0;122.78;7.292;6.719;0;NBA670;11.41
671;30.0;2.0;17.0;;1.735;1.548;0;NBA671;5.33
672;29.0;3.0;16.0;65.23;3.639;3.608;0;NBA672;11.11
673;40.0;2.0;18.0;;2.011;1.724;0;;6.57
674;65.0;4.0;45.0;133.67;4.4;4.247;0;NBA674;6.47
675;37.0;3.0;;61.38;2.612;2.144;0;NBA675;7.75
676;23.0;1.0;7.0;24.98;2.797;2.668;1;NBA676;21.88
677;52.0;2.0;33.0;106.65;1.637;1.363;1;NBA677;2.81
678;31.0;3.0;10.0;54.28;2.178;2.123;1;NBA678;7.92
679;70.0;3.0;26.0;78.18;4.436;4.161;1;NBA679;11.0
680;53.0;4.0;33.0;107.28;5.164;4.894;1;NBA680;
681;38.0;;21.0;79.79;4.51;3.968;1;NBA681;10.63
682;38.0;1.0;19.0;56.4;2.868;2.7;1;NBA682;9.87
683;41.0;4.0;27.0;92.79;2.091;1.741;1;NBA683;4.13
684;70.0;3.0;14.0;54.31;2.272;1.915;1;NBA684;7.71
685;29.0;1.0;10.0;30.71;2.79;2.501;1;NBA685;17.23
686;28.0;4.0;5.0;28.59;1.359;0.82;0;NBA686;7.62
687;66.0;2.0;45.0;146.42;2.189;2.095;0;NBA687;2.93
688;47.0;3.0;27.0;491.8;2.263;1.871;0;NBA688;4.2
689;;4.0;25.0;415.75;2.764;2.573;0;NBA689;6.42
690;36.0;1.0;22.0;87.49;1.939;1.552;0;NBA690;3.99
691;50.0;4.0;32.0;530.95;2.805;2.542;0;NBA691;5.03
692;66.0;2.0;45.0;141.16;14.048;10.712;0;NBA692;2.19
693;62.0;3.0;41.0;123.06;1.85;1.838;0;NBA693;12.0
694;58.0;3.0;42.0;128.98;4.546;4.186;0;NBA694;6.77
695;69.0;2.0;45.0;144.93;2.266;2.004;0;NBA695;2.95
696;45.0;1.0;24.0;82.37;2.029;;0;NBA696;18.56
697;68.0;3.0;45.0;150.76;2.594;2.088;0;NBA697;3.11
698;53.0;3.0;36.0;117.87;2.317;2.003;0;NBA698;3.67
699;;1.0;41.0;129.73;3.649;3.612;0;NBA699;5.6
700;32.0;1.0;;72.43;5.327;4.84;0;NBA700;14.04
701;40.0;3.0;22.0;72.95;3.452;3.396;0;NBA701;9.39
702;42.0;1.0;27.0;94.0;1.266;1.448;0;NBA702;2.89
703;24.0;4.0;6.0;43.26;3.375;2.458;0;NBA703;13.48
704;61.0;3.0;44.0;140.35;1.849;1.753;0;NBA704;2.57
705;36.0;2.0;15.0;63.6;3.737;3.457;0;NBA705;45.24
706;66.0;3.0;45.0;147.2;3.057;3.012;0;NBA706;4.12
707;29.0;;13.0;38.1;1.873;1.722;0;NBA707;9.44
708;28.0;3.0;10.0;55.73;;4.013;0;NBA708;16.17
709;54.0;4.0;36.0;112.36;3.089;2.88;0;NBA709;5.31
710;37.0;;;54.5;4.743;4.693;0;NBA710;17.31
711;55.0;1.0;35.0;125.72;1.321;1.093;0;NBA711;1.92
712;70.0;3.0;41.0;128.6;3.758;3.21;1;NBA712;5.42
713;32.0;4.0;13.0;51.18;3.613;3.306;1;NBA713;13.52
714;35.0;4.0;22.0;81.06;4.004;3.659;1;NBA714;9.45
715;70.0;4.0;6.0;26.39;3.776;3.152;1;NBA715;26.25
716;37.0;4.0;16.0;65.24;2.826;2.853;1;NBA716;8.7
717;43.0;1.0;30.0;;2.006;2.278;1;NBA717;4.31
718;25.0;3.0;4.0;23.44;3.487;3.114;1;NBA718;28.17
719;62.0;4.0;41.0;123.35;3.457;2.876;1;NBA719;5.13
720;62.0;1.0;42.0;136.95;1.892;1.575;1;NBA720;2.53
721;25.0;3.0;7.0;9.039.999.999.999.990;2.055;1.995;1;NBA721;22.41
722;26.0;4.0;;49.32;8.01;6.693;1;NBA722;29.81
723;43.0;4.0;25.0;78.81;2.347;2.123;1;NBA723;5.67
724;54.0;1.0;37.0;122.91;11.768;8.808;1;NBA724;2.09
725;38.0;3.0;17.0;81.39;1.505;1.019;1;NBA725;3.1
726;25.0;4.0;6.0;36.14;2.158;1.821;0;NBA726;11.01
727;41.0;3.0;29.0;106.13;3.646;3.401;0;NBA727;6.64
728;34.0;2.0;19.0;58.43;1.638;1.405;0;NBA728;5.21
729;;4.0;43.0;145.19;24.6;22.232;0;NBA729;4.03
730;67.0;3.0;45.0;132.35;;2.273;0;NBA730;3.31
731;62.0;4.0;60.0;135.6;1.811;1.589;0;NBA731;
732;27.0;1.0;;40.73;;3.544;0;NBA732;18.97
733;48.0;1.0;47.0;82.49;3.514;3.163;0;NBA733;8.1
734;60.0;1.0;39.0;129.2;2.924;2.55;0;NBA734;4.24
735;33.0;3.0;14.0;61.93;4.138;3.937;0;NBA735;13.04
736;31.0;3.0;;54.16;;2.142;1;NBA736;8.76
737;67.0;3.0;45.0;129.02;3.383;2.826;0;NBA737;4.81
738;62.0;2.0;45.0;125.6;1.306;1.052;0;NBA738;1.88
739;21.0;4.0;7.0;154.55;1.428;1.315;0;NBA739;8.87
740;37.0;2.0;19.0;81.79;3.795;;0;NBA740;9.04
741;26.0;4.0;4.0;10.35;2.298;2.266;1;NBA741;44.11
742;47.0;3.0;26.0;78.92;3.742;3.663;0;NBA742;9.38
743;22.0;3.0;;46.38;4.264;3.923;0;NBA743;17.65
744;61.0;3.0;45.0;146.97;2.69;2.263;0;NBA744;13.48
745;45.0;3.0;28.0;100.43;1.518;1.392;0;NBA745;2.9
746;25.0;2.0;9.0;41.04;2.749;2.802;0;NBA746;13.53
747;70.0;2.0;45.0;143.31;3.406;2.888;0;NBA747;4.39
748;39.0;4.0;21.0;75.07;4.323;3.772;0;NBA748;10.78
749;70.0;1.0;;138.79;3.93;3.293;0;NBA749;5.2
750;66.0;2.0;45.0;123.46;1.457;1.257;0;NBA750;2.2
751;70.0;2.0;18.0;63.11;4.429;3.848;0;NBA751;13.12
752;34.0;4.0;43.0;68.85;1.26;0.964;0;NBA752;3.23
753;68.0;1.0;45.0;133.32;2.528;2.175;0;NBA753;3.53
754;49.0;3.0;32.0;110.51;2.429;2.235;0;NBA754;4.22
755;30.0;1.0;;44.4;19.776;19.776;0;NBA755;11.14
756;70.0;4.0;45.0;135.76;1.354;1.247;0;NBA756;1.92
757;33.0;1.0;16.0;67.91;1.243;1.149;0;NBA757;3.52
758;56.0;1.0;37.0;116.8;2.57;2.316;0;NBA758;4.18
759;24.0;1.0;19.0;14.78;2.9;2.573;0;NBA759;37.04
760;66.0;2.0;45.0;129.6;4.552;4.141;0;NBA760;6.71
761;61.0;4.0;44.0;733.75;2.681;2.467;0;NBA761;3.51
762;48.0;1.0;32.0;107.1;2.263;1.916;0;;
763;49.0;2.0;35.0;105.12;3.385;3.018;1;NBA763;6.09
764;54.0;3.0;36.0;120.22;1.228;1.015;1;NBA764;1.87
765;42.0;3.0;25.0;83.6;4.238;3.932;1;NBA765;9.77
766;24.0;4.0;9.0;52.93;3.009;2.754;1;NBA766;10.89
767;31.0;3.0;11.0;39.47;5.772;5.282;1;NBA767;28.0
768;68.0;4.0;45.0;130.5;1.619;1.957;0;NBA768;2.74
769;53.0;3.0;34.0;99.28;1.394;1.107;1;NBA769;2.52
770;42.0;4.0;23.0;71.69;2.115;2.387;1;NBA770;6.28
771;23.0;2.0;7.0;29.15;3.978;3.792;1;NBA771;26.65
772;47.0;3.0;29.0;90.0;2.021;2.034;1;NBA772;4.51
773;65.0;4.0;45.0;136.33;3.45;3.143;1;NBA773;4.84
774;47.0;4.0;26.0;79.18;2.22;2.219;1;NBA774;5.61
775;23.0;2.0;5.0;35.44;1.993;1.999;1;NBA775;11.26
776;36.0;3.0;16.0;69.0;1.926;1.913;1;NBA776;5.56
777;22.0;1.0;3.0;14.5;2.22;1.524;1;NBA777;
778;68.0;3.0;45.0;152.48;3.87;3.254;1;NBA778;4.67
779;28.0;3.0;10.0;51.35;6.487;6.134;1;NBA779;24.58
780;53.0;1.0;35.0;123.1;4.153;4.052;1;NBA780;6.66
781;25.0;4.0;29.0;27.1;4.35;3.982;0;NBA781;30.75
782;47.0;3.0;27.0;82.2;2.217;1.971;1;NBA782;5.09
783;65.0;;45.0;151.24;1.979;1.865;0;NBA783;2.54
784;28.0;4.0;8.0;19.52;2.14;1.722;1;NBA784;19.78
785;52.0;4.0;;124.11;2.57;2.631;0;NBA785;4.19
786;57.0;;39.0;119.92;2.347;2.159;0;NBA786;3.76
787;22.0;1.0;7.0;148.95;4.666;;1;NBA787;29.87
788;53.0;2.0;35.0;106.18;22.984;22.224;0;NBA788;5.32
789;27.0;1.0;8.0;35.52;1.727;1.36;1;NBA789;8.69
790;68.0;4.0;45.0;;2.128;1.854;0;NBA790;2.87
791;52.0;4.0;37.0;120.17;5.436;5.063;0;NBA791;8.74
792;49.0;3.0;31.0;93.78;3.204;3.036;0;NBA792;6.65
793;22.0;4.0;0.0;13.94;3.682;3.49;1;NBA793;205.76
794;37.0;3.0;24.0;86.07;3.582;3.172;0;NBA794;7.85
795;40.0;4.0;20.0;71.42;2.771;2.405;0;NBA795;7.25
796;52.0;2.0;33.0;99.06;1.261;1.182;0;NBA796;2.47
797;45.0;4.0;31.0;96.58;2.637;2.369;0;NBA797;5.18
798;70.0;1.0;6.0;35.72;;1.701;0;NBA798;9.26
799;28.0;4.0;9.0;38.06;3.759;3.237;0;NBA799;18.38
800;32.0;3.0;16.0;57.63;24.056;22.32;0;NBA800;10.06
801;21.0;3.0;5.0;27.62;2.963;2.812;0;NBA801;20.91
802;49.0;;33.0;113.42;;4.831;0;NBA802;33.88
803;32.0;1.0;12.0;51.9;3.824;3.251;0;;13.63
804;53.0;4.0;37.0;145.54;2.163;2.198;0;NBA804;3.0
805;49.0;3.0;;110.74;3.028;2.943;0;NBA805;5.39
806;;3.0;;146.21;2.262;2.023;1;NBA806;2.93
807;53.0;4.0;55.0;114.08;5.549;5.086;1;NBA807;9.32
808;22.0;3.0;8.0;32.98;1.855;1.83;1;NBA808;11.17
809;22.0;;3.0;24.02;3.091;2.758;1;NBA809;24.35
810;64.0;4.0;45.0;147.29;2.202;1.545;1;NBA810;2.54
811;22.0;;3.0;34.67;2.906;2.613;1;NBA811;15.92
812;41.0;1.0;24.0;81.73;2.782;2.451;1;NBA812;6.4
813;28.0;;7.0;30.55;3.444;2.865;1;NBA813;20.66
814;22.0;4.0;4.0;28.16;11.288;12.64;1;NBA814;10.62
815;42.0;1.0;;79.56;2.203;1.725;1;NBA815;4.94
816;40.0;4.0;26.0;84.85;3.765;3.456;1;NBA816;8.51
817;66.0;4.0;45.0;144.9;2.544;2.18;1;NBA817;3.26
818;50.0;1.0;32.0;115.01;2.816;2.383;1;NBA818;4.52
819;49.0;2.0;32.0;99.88;2.114;1.844;1;NBA819;3.96
820;39.0;4.0;24.0;96.19;4.045;;1;NBA820;7.88
821;52.0;3.0;39.0;123.97;1.518;1.003;1;NBA821;2.03
822;38.0;4.0;21.0;61.85;4.413;3.756;1;NBA822;13.21
823;53.0;3.0;36.0;119.74;1.413;;0;NBA823;2.07
824;61.0;2.0;60.0;142.81;5.565;4.937;1;NBA824;7.35
825;49.0;;31.0;106.04;2.682;2.653;1;NBA825;5.03
826;42.0;2.0;48.0;72.46;2.653;2.091;1;NBA826;
827;40.0;1.0;21.0;78.83;3.819;3.179;1;NBA827;8.88
828;70.0;4.0;45.0;148.39;2.744;2.523;1;NBA828;3.55
829;26.0;3.0;6.0;23.02;3.177;2.833;1;NBA829;26.11
830;33.0;2.0;21.0;65.78;;2.844;1;NBA830;36.84
831;33.0;4.0;17.0;70.01;2.995;2.86;1;NBA831;8.36
832;25.0;3.0;9.0;57.94;2.162;2.343;1;NBA832;7.77
833;64.0;3.0;44.0;756.75;2.941;2.781;0;NBA833;3.78
834;45.0;3.0;28.0;82.53;1.718;1.397;0;NBA834;3.78
835;23.0;3.0;4.0;39.82;3.113;2.801;0;NBA835;14.85
836;57.0;4.0;37.0;109.61;3.908;3.474;1;NBA836;6.73
837;33.0;3.0;12.0;47.69;2.645;2.355;1;NBA837;10.48
838;38.0;2.0;19.0;33.034.999.999.999.900;;2.772;0;NBA838;8.92
839;57.0;4.0;45.0;151.5;2.935;2.576;0;NBA839;3.64
840;33.0;4.0;;63.97;;1.466;0;NBA840;19.84
841;62.0;3.0;45.0;140.67;2.862;2.597;0;NBA841;3.88
842;49.0;4.0;34.0;113.82;76.456;71.024;0;NBA842;16.2
843;61.0;2.0;44.0;131.19;2.256;2.137;0;NBA843;3.35
844;62.0;4.0;45.0;142.33;2.479;2.502;0;NBA844;3.5
845;59.0;1.0;39.0;136.01;;5.372;0;NBA845;8.31
846;49.0;2.0;35.0;114.55;5.567;5.118;0;NBA846;9.33
847;21.0;3.0;8.0;33.39;4.016;3.411;0;NBA847;
848;51.0;2.0;;117.97;2.9;2.64;0;NBA848;4.7
849;57.0;3.0;58.0;115.9;3.141;3.036;1;NBA849;5.33
850;40.0;4.0;20.0;72.83;2.972;2.57;1;NBA850;7.61
851;;4.0;18.0;68.31;3.69;3.407;1;NBA851;10.39
852;53.0;3.0;37.0;120.77;2.775;2.59;1;NBA852;4.44
853;46.0;4.0;30.0;95.12;2.666;2.137;1;NBA853;5.05
854;59.0;2.0;45.0;140.68;1.465;1.261;1;NBA854;1.94
855;35.0;3.0;14.0;51.88;3.134;3.163;0;NBA855;12.14
856;24.0;4.0;8.0;180.7;1.117;0.597;0;NBA856;4.74
857;48.0;4.0;32.0;87.15;3.897;3.744;0;NBA857;8.77
858;69.0;2.0;45.0;137.82;2.185;2.018;0;NBA858;3.05
859;70.0;1.0;45.0;138.3;2.554;2.757;0;NBA859;3.84
860;42.0;3.0;25.0;95.53;7.163;6.399;0;NBA860;14.2
861;70.0;4.0;37.0;127.87;2.159;2.121;0;NBA861;3.35
862;43.0;3.0;49.0;63.86;15.944;12.848;0;NBA862;5.64
863;56.0;4.0;37.0;108.89;3.167;3.061;0;NBA863;5.72
864;45.0;4.0;26.0;92.85;3.328;3.161;0;NBA864;6.99
865;56.0;4.0;38.0;122.16;4.231;3.729;0;NBA865;6.52
866;57.0;4.0;42.0;127.25;3.861;3.648;0;NBA866;5.9
867;23.0;3.0;4.0;18.81;3.718;3.421;0;NBA867;37.96
868;44.0;1.0;20.0;67.1;5.214;4.528;1;NBA868;58.08
869;;1.0;3.0;;2.133;1.883;0;NBA869;20.98
870;51.0;1.0;30.0;89.0;2.56;;0;NBA870;5.04
871;24.0;3.0;7.0;19.129.999.999.999.900;3.766;3.241;0;NBA871;
872;35.0;4.0;18.0;77.13;24.296;20.872;0;NBA872;7.32
873;67.0;4.0;45.0;139.86;1.956;2.093;0;NBA873;2.9
874;33.0;2.0;17.0;32.329.999.999.999.900;1.235;1.001;0;NBA874;3.46
875;67.0;1.0;45.0;124.89;3.859;3.583;0;NBA875;5.96
876;46.0;1.0;28.0;85.12;3.632;3.369;1;;8.22
877;26.0;1.0;11.0;32.36;17.064;17.512;1;NBA877;13.36
878;26.0;4.0;;30.99;3.387;2.947;1;NBA878;20.44
879;34.0;2.0;18.0;73.23;4.085;;1;NBA879;10.64
880;23.0;3.0;8.0;28.67;1.67;1.324;1;NBA880;10.44
881;60.0;2.0;41.0;125.47;3.908;3.621;1;NBA881;6.0
882;56.0;1.0;39.0;116.22;2.51;2.47;1;NBA882;4.28
883;58.0;2.0;36.0;;2.509;2.428;1;NBA883;4.4
884;28.0;4.0;11.0;34.29;17.688;14.104;1;NBA884;11.59
885;;2.0;49.0;110.88;2.071;1.506;1;NBA885;
886;52.0;3.0;59.0;100.85;3.546;3.012;1;NBA886;6.5
887;30.0;4.0;;211.8;2.641;2.263;1;NBA887;11.58
888;67.0;1.0;;132.49;3.583;3.352;1;NBA888;5.23
889;22.0;3.0;21.0;14.86;3.328;3.089;1;NBA889;43.18
890;62.0;3.0;44.0;147.75;3.834;3.577;0;NBA890;5.02
891;22.0;3.0;3.0;25.37;4.812;3.852;0;NBA891;34.15
892;26.0;1.0;6.0;32.7;2.78;2.473;0;NBA892;16.07
893;64.0;3.0;41.0;124.46;;3.507;0;NBA893;5.85
894;44.0;1.0;26.0;;4.139;3.667;0;NBA894;9.68
895;61.0;2.0;45.0;143.1;3.689;3.079;0;NBA895;4.73
896;48.0;2.0;28.0;100.26;3.033;2.557;0;NBA896;5.58
897;48.0;3.0;29.0;105.13;;2.996;0;NBA897;5.55
898;38.0;4.0;19.0;68.16;2.723;2.421;0;NBA898;7.55
899;32.0;3.0;15.0;47.3;4.361;4.021;0;NBA899;17.72
900;39.0;4.0;;57.54;2.915;2.481;1;NBA900;9.38
901;38.0;4.0;22.0;76.24;;2.708;1;NBA901;7.61
902;68.0;4.0;45.0;143.43;2.467;2.113;1;NBA902;3.19
903;28.0;4.0;29.0;46.67;3.38;3.119;1;NBA903;13.92
904;28.0;1.0;10.0;51.11;4.235;3.759;1;NBA904;15.64
905;48.0;3.0;31.0;106.41;1.728;1.429;1;NBA905;2.97
906;63.0;2.0;45.0;146.52;3.43;2.738;1;NBA906;4.21
907;51.0;3.0;32.0;;5.662;4.992;1;NBA907;9.35
908;60.0;1.0;42.0;134.96;1.904;1.606;1;NBA908;2.6
909;21.0;3.0;3.0;33.24;2.489;1.814;0;NBA909;
910;30.0;4.0;13.0;49.01;4.225;3.574;0;NBA910;15.91
911;27.0;4.0;14.0;50.72;6.761;5.67;0;NBA911;24.51
912;39.0;1.0;21.0;87.02;2.866;2.624;0;NBA912;25.24
913;35.0;4.0;22.0;76.55;4.207;3.858;0;NBA913;10.54
914;47.0;3.0;27.0;108.06;1.653;1.687;0;NBA914;3.09
915;70.0;3.0;45.0;;1.925;1.717;0;NBA915;2.9
916;66.0;3.0;45.0;143.67;3.108;2.931;0;NBA916;4.2
917;30.0;1.0;12.0;53.11;3.427;3.164;0;NBA917;12.41
918;21.0;4.0;3.0;42.07;2.555;2.19;0;NBA918;11.28
919;70.0;2.0;0.0;23.58;4.658;4.264;1;NBA919;37.83
920;65.0;4.0;45.0;137.95;2.682;2.312;0;NBA920;3.62
921;37.0;4.0;20.0;73.51;1.357;0.928;0;NBA921;3.11
922;23.0;1.0;6.0;26.13;3.421;3.29;0;NBA922;25.69
923;42.0;4.0;20.0;66.15;3.6;3.513;0;NBA923;10.75
924;35.0;4.0;13.0;56.2;3.446;3.211;1;NBA924;11.85
925;36.0;4.0;20.0;73.57;11.856;10.592;0;NBA925;3.81
926;70.0;2.0;1.0;32.82;2.264;1.855;1;NBA926;12.55
927;51.0;1.0;38.0;100.12;3.388;3.069;0;NBA927;6.45
928;69.0;;45.0;140.12;2.332;1.852;1;NBA928;11.96
929;54.0;2.0;37.0;124.99;5.795;5.131;1;NBA929;8.74
930;69.0;4.0;45.0;152.1;2.673;2.462;1;NBA930;3.38
931;57.0;4.0;37.0;120.46;;1.639;1;NBA931;3.14
932;42.0;1.0;25.0;85.91;4.355;3.548;1;NBA932;
933;38.0;3.0;20.0;75.86;6.759;5.949;0;NBA933;16.75
934;;1.0;42.0;156.36;6.142;5.112;0;NBA934;7.2
935;69.0;2.0;45.0;147.83;2.112;1.77;0;;2.63
936;23.0;2.0;6.0;24.16;3.471;3.178;0;NBA936;27.52
937;66.0;2.0;45.0;135.14;1.624;1.274;0;NBA937;2.14
938;70.0;3.0;49.0;5.549.499.999.999.990;5.304;4.93;0;NBA938;9.22
939;52.0;4.0;29.0;90.2;2.456;2.489;0;NBA939;5.48
940;38.0;3.0;25.0;91.83;2.919;2.826;0;NBA940;25.04
941;64.0;1.0;42.0;6.719.499.999.999.990;1.824;1.687;0;NBA941;2.61
942;48.0;3.0;28.0;92.81;5.461;4.805;1;NBA942;11.06
943;35.0;4.0;16.0;62.2;1.074;1.146;1;NBA943;3.57
944;36.0;2.0;16.0;49.24;29.144;22.52;1;NBA944;13.12
945;70.0;1.0;44.0;663.25;3.025;2.63;1;NBA945;4.26
946;54.0;3.0;36.0;113.93;3.324;2.771;0;NBA946;5.35
947;48.0;4.0;27.0;90.94;1.958;1.509;0;;15.24
948;44.0;;25.0;86.08;2.17;2.219;0;NBA948;5.1
949;22.0;;2.0;21.78;2.256;2.065;1;NBA949;
950;45.0;3.0;;102.16;2.363;1.932;0;NBA950;4.2
951;62.0;3.0;45.0;128.28;;2.735;0;NBA951;4.85
952;45.0;3.0;28.0;103.92;2.715;2.564;0;NBA952;5.08
953;57.0;1.0;39.0;128.74;2.9;2.556;0;NBA953;4.24
954;38.0;4.0;17.0;56.96;1.819;1.56;0;NBA954;5.93
955;57.0;4.0;38.0;122.77;2.437;2.028;0;NBA955;3.64
956;46.0;3.0;30.0;94.59;3.189;2.904;1;NBA956;6.44
957;46.0;1.0;29.0;94.36;2.142;1.99;1;NBA957;4.38
958;56.0;1.0;37.0;121.47;3.11;2.335;1;NBA958;4.48
959;66.0;;45.0;145.47;3.902;3.419;1;NBA959;5.03
960;52.0;1.0;29.0;98.2;;2.272;1;NBA960;4.97
961;42.0;1.0;46.0;85.0;3.497;2.896;1;NBA961;7.52
962;27.0;3.0;;29.75;3.122;2.67;1;NBA962;
963;46.0;4.0;29.0;106.77;2.424;2.535;1;NBA963;4.65
964;54.0;4.0;39.0;630.6;2.537;1.963;1;NBA964;3.57
965;35.0;3.0;17.0;;2.324;2.066;1;;7.97
966;30.0;4.0;13.0;61.22;2.507;2.52;1;NBA966;8.21
967;;4.0;23.0;81.3;1.731;1.815;1;NBA967;4.36
968;53.0;2.0;32.0;102.69;2.39;2.376;0;NBA968;18.56
969;49.0;1.0;31.0;101.01;3.955;3.555;0;;
970;58.0;3.0;44.0;134.35;2.256;2.11;0;NBA970;3.25
971;70.0;2.0;31.0;89.93;5.037;5.01;0;NBA971;44.68
972;53.0;3.0;34.0;110.68;3.554;;0;NBA972;5.8
973;51.0;4.0;33.0;110.41;1.86;1.172;0;NBA973;2.75
974;70.0;;45.0;136.58;3.645;3.102;0;NBA974;4.94
975;58.0;2.0;44.0;684.85;2.631;2.325;0;NBA975;3.62
976;41.0;4.0;28.0;73.08;3.59;3.389;0;;9.55
977;;3.0;;149.75;3.289;2.743;0;NBA977;4.03
978;70.0;2.0;45.0;135.21;2.423;1.879;0;NBA978;3.18
979;47.0;2.0;29.0;87.06;2.425;2.024;0;NBA979;5.11
980;65.0;3.0;43.0;140.71;2.672;2.42;0;NBA980;3.62
981;70.0;4.0;33.0;116.42;2.767;2.401;0;NBA981;4.44
982;47.0;4.0;32.0;107.48;4.18;3.691;0;NBA982;29.28
983;51.0;3.0;39.0;131.22;3.536;3.34;1;NBA983;5.24
984;36.0;4.0;16.0;;3.05;2.511;1;NBA984;9.26
985;26.0;3.0;12.0;45.05;;1.841;1;NBA985;9.2
986;67.0;4.0;45.0;153.03;4.966;4.44;1;NBA986;6.15
987;70.0;3.0;45.0;121.82;4.037;3.705;1;NBA987;6.35
988;49.0;3.0;32.0;94.77;4.85;4.687;1;NBA988;10.06
989;60.0;1.0;39.0;122.73;1.991;1.77;1;NBA989;3.07
990;28.0;;10.0;;6.938;6.416;1;NBA990;26.72
991;54.0;2.0;34.0;113.17;3.473;3.521;0;NBA991;6.18
992;41.0;4.0;22.0;75.33;4.084;4.002;0;NBA992;
993;67.0;3.0;45.0;139.92;4.161;3.649;0;NBA993;5.58
994;26.0;1.0;7.0;40.23;3.778;3.514;0;NBA994;18.13
995;34.0;3.0;37.0;31.559.999.999.999.900;1.674;;0;NBA995;4.44
996;;1.0;25.0;86.54;1.816;1.554;0;NBA996;3.89
997;39.0;3.0;20.0;73.35;4.622;4.263;0;NBA997;12.11
998;34.0;4.0;15.0;;3.935;3.86;1;NBA998;16.24
999;59.0;3.0;;126.09;2.574;2.36;0;NBA999;3.91
1000;28.0;1.0;11.0;42.65;2.712;2.777;0;NBA1000;51.48
